ID,Sample,Lat.,Long.,Water depth,14C ,14C error ,14C material,Type of Gear,Sediment depth (cm),Fraction (> µm),"Species type (epifaunal, infaunal, deep infaunal)",Species,Specimen size,n,d13C VPDB corr,d13C standard deviation,d18O VPDB corr,d18O standard deviation,Interglacial/glacial,"Stained/
Not stained",d18Oec_mn_h2022,d18Oec_mq_h2022,oxygen_h2023,d13c_dic_h2022,temp_hidro2023_40*30_section300kil,NO3umol/Kg,seawifs_npp_cbpm_all_mean,pH_25NBS_DIVA_40*30,CO3_h2023,Corg-korr,CaCO3,Opalgehalt,C/Nentk
1,01MC5,-50.65,-76.96,3964,,,,MUC,0-1,212,Epifaunal,Cibicidoides wuellerstorfi,,,0.052,0.046,2.748,0.128,Interglacial,Stained,2.38,2.92,158.23,-0.14,1.8,22.49,196.12,7.71,89.73,,,,
2,01MC5,-50.65,-76.96,3964,,,,MUC,0-1,212,Epifaunal,Cibicidoides wuellerstorfi,,,0.596,0.027,2.932,0.071,Interglacial,Stained,2.38,2.92,158.23,-0.14,1.8,22.49,196.12,7.71,89.73,,,,
3,27MC5,-40.49,-75.92,3850,,,,MUC,0-1,212,Epifaunal,Cibicidoides wuellerstorfi,,,0.194,0.03,2.155,0.027,Interglacial,Stained,2.48,2.81,161.72,0.06,1.8,29.51,506.94,7.64,77,,,,
4,42KG,-38.74,-73.94,210,681,35,"Mixed benthic foraminifera (Uvigerina, Valvularia, Bolivina)",Core top ,0-1,250,Deep infaunal,Globobulimina affinis,,2,0.020581183,0.013451562,2.078600636,0.03199064,Interglacial,Not stained,1.44,2.11,37.99,-0.19,10.78,32.17,755.95,7.67,67.56,,,,
5,43KG,-38.75,-73.9,184,595,35,Benthic foraminifera (B.plicata) ,MUC,0-1,250,Deep infaunal,Globobulimina affinis,,6,-1.456,0.003,2.198,0.01,Interglacial,Stained,1.37,2.11,44.84,-0.16,11.13,31.39,755.95,7.68,71.8,,,,
6,43KG,-38.75,-73.9,184,595,35,,MUC,0-1,250,Deep infaunal,Globobulimina auriculata,777,5,-1.05758906,0.04,1.950633595,0.06,Interglacial,Not Stained,1.37,2.11,44.84,-0.16,11.13,31.39,755.95,7.68,71.8,,,,
7,43KG,-38.75,-73.9,184,595,35,Benthic foraminifera (B.plicata) ,MUC,0-1,250,Deep infaunal,Globobulimina pacifica,,2,-0.837,0.005,2.253,0.013,Interglacial,Stained,1.37,2.11,44.84,-0.16,11.13,31.39,755.95,7.68,71.8,,,,
8,43KG,-38.75,-73.9,184,595,35,,MUC,0-1,250,Deep infaunal,Globobulimina spp. auriculata,875,6,-0.726636765,0.04,1.952366361,0.06,Interglacial,Not Stained,1.37,2.11,44.84,-0.16,11.13,31.39,755.95,7.68,71.8,,,,
9,46MC4,-33.28,-73.54,3852,,,,MUC,0-1,212,Epifaunal,Cibicidoides wuellerstorfi,,,0.318,0.011,2.606,0.017,Interglacial,Stained,2.62,2.81,160.13,0.15,1.79,34.77,713.37,7.6,70.06,,,,
10,46MC4,-33.28,-73.54,3852,,,,MUC,0-1,212,Epifaunal,Cibicidoides wuellerstorfi,,,-0.08,0.02,2.285,0.041,Interglacial,Stained,2.62,2.81,160.13,0.15,1.79,34.77,713.37,7.6,70.06,,,,
11,48MC5,-32.6,-73.65,3920,,,,MUC,0-1,212,Epifaunal,Cibicidoides wuellerstorfi,,,0.153,0.023,2.664,0.011,Interglacial,Stained,2.64,2.81,160.3,0.2,1.79,34.8,666.2,7.6,69.58,,,,
12,48MC5,-32.6,-73.65,3920,,,,MUC,0-1,212,Epifaunal,Cibicidoides wuellerstorfi,,,0.346,0.014,2.673,0.025,Interglacial,Stained,2.64,2.81,160.3,0.2,1.79,34.8,666.2,7.6,69.58,,,,
13,48MC5,-32.6,-73.65,3920,,,,MUC,0-1,212,Epifaunal,Cibicidoides wuellerstorfi,,,-0.095,0.007,2.616,0.028,Interglacial,Stained,2.64,2.81,160.3,0.2,1.79,34.8,666.2,7.6,69.58,,,,
14,48MC5,-32.6,-73.65,3920,,,,MUC,0-1,212,Epifaunal,Cibicidoides wuellerstorfi,,,-0.271,0.03,2.734,0.029,Interglacial,Stained,2.64,2.81,160.3,0.2,1.79,34.8,666.2,7.6,69.58,,,,
15,50MC5,-23.61,-73.61,3396,,,,MUC,0-1,212,Epifaunal,Cibicidoides wuellerstorfi,,,-0.442,0.01,4.126,0.021,Glacial,Stained,2.8,2.85,136.79,0.23,1.78,29.01,524.15,7.59,66.07,,,,
16,66MC4,-16.13,-77.11,2575,,,,MUC,0-1,212,Epifaunal,Cibicidoides wuellerstorfi,,,0.304,0.018,2.587,0.023,Interglacial,Stained,2.84,2.89,117.03,0,1.77,27.24,662.29,7.63,100.75,,,,
17,72MC4,-16.51,-76.19,3782,,,,MUC,0-1,212,Epifaunal,Cibicidoides wuellerstorfi,,,0.184,0.036,2.849,0.049,Interglacial,Stained,2.84,2.89,146.16,0.06,1.63,21.39,685.28,7.65,69.24,,,,
18,72MC4,-16.51,-76.19,3782,,,,MUC,0-1,212,Epifaunal,Cibicidoides wuellerstorfi,,,-0.114,0.009,2.48,0.058,Interglacial,Stained,2.84,2.89,146.16,0.06,1.63,21.39,685.28,7.65,69.24,,,,
19,77KG,-39.85,-74.03,286,,,,Core top ,0-1,250,Deep infaunal,Globobulimina affinis,,4,-1.510148587,0.018288868,2.399531355,0.024302851,Interglacial,Stained,1.5,2.06,61.67,0.01,9.49,24.69,788.19,7.71,72.9,,,,
20,77KG,-39.85,-74.03,286,,,,Core top ,0-1,250,Deep infaunal,Globobulimina affinis,,4,-0.579674902,0.02132196,2.376146307,0.025328187,Interglacial,Not stained,1.5,2.06,61.67,0.01,9.49,24.69,788.19,7.71,72.9,,,,
21,77KG,-39.85,-74.03,286,,,,MUC,0-1,250,Deep infaunal,Globobulimina auriculata,687,7,-1.580813098,0.04,2.146978811,0.06,Interglacial,Stained,1.5,2.06,61.67,0.01,9.49,24.69,788.19,7.71,72.9,,,,
22,77KG,-39.85,-74.03,286,,,,Core top ,0-1,250,Deep infaunal,Globobulimina pacifica,,1,-0.489575746,0.008071151,2.401743164,0.009212281,Interglacial,Stained,1.5,2.06,61.67,0.01,9.49,24.69,788.19,7.71,72.9,,,,
23,77KG,-39.85,-74.03,286,,,,MUC,0-1,250,Deep infaunal,Globobulimina spp. auriculata,871,4,-1.635700051,0.04,2.046816754,0.06,Interglacial,Not Stained,1.5,2.06,61.67,0.01,9.49,24.69,788.19,7.71,72.9,,,,
24,78KG,-39.85,-74,180,,,,MUC ,0-1,250,Deep infaunal,Globobulimina affinis,,2,-0.44197947,0.015675901,2.238682499,0.031032372,Interglacial,Stained,1.28,2.02,66.61,0.04,10.9,25.51,846.59,7.74,77.09,,,,
25,78KG,-39.85,-74,180,,,,MUC ,0-1,250,Deep infaunal,Globobulimina affinis,,3,-0.959200563,0.018409802,2.020982971,0.017942889,Interglacial,Not stained,1.28,2.02,66.61,0.04,10.9,25.51,846.59,7.74,77.09,,,,
26,A II 54-9-5,-9.52,-94.2,3960,,,Recent,,1-2,212,Epifaunal,Cibicidoides wuellerstorfi,,,0.04,0.04,2.5,0.06,Interglacial,Not stained,2.82,2.93,104.2,-0.04,1.56,17.5,625.75,7.73,79.86,,,,
27,DSDP 503A,4.07,-95.63,3672,?,?,"Verified recent by Schackleton, 1977",,0,212,Epifaunal,Cibicidoides wuellerstorfi,,?,-0.12,0.04,2.47,0.06,Interglacial,Not stained,2.86,2.97,87.06,-0.03,1.56,15.59,577.16,7.72,83.31,,,,
28,GeoB15004-4,-27.44,-71.15,1200,1305,30,,MUC,1-2,212,Epifaunal,Cibicidoides wuellerstorfi,960,1,0.409875798,0.04,2.467586759,0.06,Interglacial,Not stained,2.41,2.52,91.96,0.23,3.9,44.95,120.64,7.47,54.11,,,,
29,GeoB15004-4,-27.44,-71.15,1200,1305,30,,MUC,1-2,212,Epifaunal,Cibicidoides wuellerstorfi,990,1,0.532620148,0.04,2.299065215,0.06,Interglacial,Not stained,2.41,2.52,91.96,0.23,3.9,44.95,120.64,7.47,54.11,,,,
30,GeoB15004-4,-27.44,-71.15,1200,1305,30,,MUC,1-2,212,Deep infaunal,Globobulimina pacifica,760,6,-0.916670822,0.04,3.212350525,0.06,Interglacial,Not Stained,2.41,2.52,91.96,0.23,3.9,44.95,120.64,7.47,54.11,,,,
31,GeoB15007-4,-25.23,-70.66,920,,,,MUC,1-2,212,Epifaunal,Cibicidoides wuellerstorfi,620,1,1.050311896,0.04,2.315858121,0.06,Interglacial,Not stained,2.26,2.39,75.21,0.33,5.28,45.13,1225.6,7.46,55.71,,,,
32,GeoB15008-2,-25.19,-70.67,539,2815,30,,MUC,0-1,250,Epifaunal,Cibicidoides wuellerstorfi,1240,1,0.96819553,0.04,2.041813364,0.06,Interglacial,Not stained,1.71,2.18,56.41,0.38,8.11,38.01,1104.14,7.42,48.55,,,,
33,GeoB15008-2,-25.19,-70.67,539,2815,30,Mix surface plaktonic foraminifera,MUC,0-1 ,212,Epifaunal,Cibicidoides wuellerstorfi,,,0.755562704,0.006958987,2.898102341,0.017525991,Glacial,Not stained,1.71,2.18,56.41,0.38,8.11,38.01,1104.14,7.42,48.55,,,,
34,GeoB15008-2,-25.19,-70.67,539,2815,30,Mix surface plaktonic foraminifera,MUC,0-1 ,212,Epifaunal,Cibicidoides wuellerstorfi,,,1.015410285,0.016301971,1.875201759,0.026048139,Interglacial,Stained,1.71,2.18,56.41,0.38,8.11,38.01,1104.14,7.42,48.55,,,,
35,GeoB15008-2,-25.19,-70.67,539,2815,30,Mix surface plaktonic foraminifera,MUC,0-1 ,212,Epifaunal,Cibicidoides wuellerstorfi,,,0.877456944,0.011984276,1.966802177,0.022460064,Interglacial,Stained,1.71,2.18,56.41,0.38,8.11,38.01,1104.14,7.42,48.55,,,,
36,GeoB15011-4,-23.85,-70.65,1113,,,,MUC,1-2,212,Epifaunal,Cibicidoides wuellerstorfi,,,0.84,0.01,2.91,0.03,Glacial,Not stained,2.41,2.54,77.71,0.26,4.52,42.33,343.42,7.48,58.99,,,,
37,GeoB15011-4,-23.85,-70.65,1113,,,,MUC,1-2,212,Epifaunal,Cibicidoides wuellerstorfi,1520,1,0.61786127,0.04,2.630679931,0.06,Interglacial,Not stained,2.41,2.54,77.71,0.26,4.52,42.33,343.42,7.48,58.99,,,,
38,GeoB15011-4,-23.85,-70.65,1113,,,,MUC,1-2,212,Epifaunal,Cibicidoides wuellerstorfi,,,0.27,0.02,2.26,0,Interglacial,Not stained,2.41,2.54,77.71,0.26,4.52,42.33,343.42,7.48,58.99,,,,
39,GeoB15011-4,-23.85,-70.65,1113,,,,MUC,1-2,212,Epifaunal,Cibicidoides wuellerstorfi,860,1,0.437343573,0.04,2.473151555,0.06,Interglacial,Not stained,2.41,2.54,77.71,0.26,4.52,42.33,343.42,7.48,58.99,,,,
40,GeoB15012-2,-23.58,-70.67,529,10480,45,Mix surface plaktonic foraminifera,MUC,1-2,212,Epifaunal,Cibicidoides wuellerstorfi,,,0.924779634,0.008279118,1.809659762,0.013670294,Interglacial,Not stained,1.65,2.17,26.42,0.32,8.34,33.55,1645.8,7.41,52.26,,,,
41,GeoB15012-2,-23.58,-70.67,529,10480,45,Mix surface plaktonic foraminifera,MUC,1-2,212,Epifaunal,Cibicidoides wuellerstorfi,,,0.973694603,0.009898061,2.586563034,0.015407245,Interglacial,Not stained,1.65,2.17,26.42,0.32,8.34,33.55,1645.8,7.41,52.26,,,,
42,GeoB15012-2,-23.58,-70.67,529,10480,45,Mix surface plaktonic foraminifera,MUC,1-2,212,Epifaunal,Cibicidoides wuellerstorfi,,,0.860010247,0.01414046,1.928803606,0.014350366,Interglacial,Stained,1.65,2.17,26.42,0.32,8.34,33.55,1645.8,7.41,52.26,,,,
43,GeoB15022-2,-27.29,-71.05,545,Modern,,,MUC,1-2,212,Deep infaunal,Globobulimina affinis,777,6,-0.502417846,0.04,2.553353765,0.06,Interglacial,Stained,1.72,2.19,68.58,0.26,7.83,45.41,61.75,7.44,46.83,,,,
44,GeoB15022-2,-27.29,-71.05,545,Modern,,,MUC,1-2,212,Deep infaunal,Globobulimina affinis,913,6,-0.571451191,0.04,2.377006402,0.06,Interglacial,Not Stained,1.72,2.19,68.58,0.26,7.83,45.41,61.75,7.44,46.83,,,,
45,GeoB15022-2,-27.29,-71.05,545,Modern,,Mix surface plaktonic foraminifera,MUC,2-3,212,Epifaunal,Cibicidoides wuellerstorfi,,2,1.015,0.002,1.745,0.008,Interglacial,Not stained,1.72,2.19,68.58,0.26,7.83,45.41,61.75,7.44,46.83,,,,
46,GeoB15022-2,-27.29,-71.05,545,Modern,,,MUC,0-1,212,Deep infaunal,Globobulimina spp. affinis,839,3,-0.587027251,0.04,2.481092026,0.06,Interglacial,Not stained,1.72,2.19,68.58,0.26,7.83,45.41,61.75,7.44,46.83,,,,
47,GeoB15022-2,-27.29,-71.05,545,Modern,,,MUC,1-2,212,Deep infaunal,Globobulimina spp. affinis,875,3,-0.537531781,0.04,2.419384721,0.06,Interglacial,Not stained,1.72,2.19,68.58,0.26,7.83,45.41,61.75,7.44,46.83,,,,
48,GeoB3316-1,-41.94,-75.21,2574,870,30,Mix surface plaktonic foraminifera,MUC,0-1,212,Epifaunal,Cibicidoides wuellerstorfi,,?,0.343908142,0.008374589,2.747011585,0.011988968,Interglacial,Not stained,2.56,2.79,145.72,0.23,1.98,28.88,544.03,7.64,70.02,1.86,11.59,3.8,7.56
49,GeoB7103-8,-22.87,-70.54,890,,,,MUC,0-1,250,Epifaunal,Cibicidoides wuellerstorfi,970,1,0.137236217,0.04,1.911242692,0.06,Interglacial,Not stained,2.14,2.36,59.11,0.33,5.41,40.74,1748.34,7.47,62.44,,,,
50,GeoB7115-1,-24,-70.6,523,6751,124,Planktic foraminifera (Mixed with out G. inflata) ,MUC,0-1,212,Deep infaunal,Globobulimina affinis,,1,-0.019,0.007,2.657,0.009,Interglacial,Stained,1.65,2.16,28.51,0.36,8.37,34.19,343.42,7.41,50.74,3.34,24.24,1.42,8.81
51,GeoB7115-1,-24,-70.6,523,6751,124,Planktic foraminifera (Mixed with out G. inflata) ,MUC,0-1,212,Epifaunal,Cibicidoides wuellerstorfi,,4,0.752,0.007,1.975,0.009,Interglacial,Stained,1.65,2.16,28.51,0.36,8.37,34.19,343.42,7.41,50.74,3.34,24.24,1.42,8.81
52,GeoB7115-1,-24,-70.6,523,6751,124,Planktic foraminifera (Mixed with out G. inflata) ,MUC,0-1,212,Epifaunal,Cibicidoides wuellerstorfi,,5,0.82,0.007,3.129,0.005,Glacial,Not stained,1.65,2.16,28.51,0.36,8.37,34.19,343.42,7.41,50.74,3.34,24.24,1.42,8.81
53,GeoB7115-1,-24,-70.6,523,6751,124,,MUC,0-1,212,Epifaunal,Cibicidoides wuellerstorfi,,4,0.745105479,0.04,3.358889496,0.06,Glacial,Not stained,1.65,2.16,28.51,0.36,8.37,34.19,343.42,7.41,50.74,3.34,24.24,1.42,8.81
54,GeoB7121-1,-26,-70.9,1442,,,,MUC,0-1,212,Epifaunal,Cibicidoides wuellerstorfi,,?,0.429671746,0.010027429,2.545164194,0.015664367,Interglacial,Not stained,2.62,2.72,98.03,0.21,3.48,41.86,932.98,7.5,62.32,1.087,12.74,0.86,7.89
55,GeoB7121-1,-26,-70.9,1442,,,,MUC,0-1,212,Epifaunal,Cibicidoides wuellerstorfi,480,1,0.934988391,0.04,2.15337581,0.06,Interglacial,Not stained,2.62,2.72,98.03,0.21,3.48,41.86,932.98,7.5,62.32,1.087,12.74,0.86,7.89
56,GeoB7121-1,-26,-70.9,1442,,,,MUC,0-1,212,Deep infaunal,Globobulimina spp. auriculata,974,5,-0.90748656,0.04,3.299924628,0.06,Interglacial,Not Stained,2.62,2.72,98.03,0.21,3.48,41.86,932.98,7.5,62.32,1.087,12.74,0.86,7.89
57,GeoB7122-1,-26.01,-70.85,673,5634,45,Planktic foraminifera (Mixed with out G. inflata) ,MUC,0-1,212,Epifaunal,Cibicidoides wuellerstorfi,,?,0.882649732,0.003223716,2.135639277,0.018819721,Interglacial,Not stained,2,2.29,90.78,0.31,6.79,45.61,939.15,7.46,52.13,0.954,14.63,0.42,7.85
58,GeoB7122-1,-26.01,-70.85,673,5634,45,,MUC,0-1,212,Epifaunal,Cibicidoides wuellerstorfi,1060,1,0.439351482,0.04,2.719191933,0.06,Interglacial,Not stained,2,2.29,90.78,0.31,6.79,45.61,939.15,7.46,52.13,0.954,14.63,0.42,7.85
59,GeoB7123-1,-27.28,-71.05,558,Modern,73,Planktic foraminifera (Mixed with out G. inflata) ,MUC,0-1,212,Deep infaunal,Globobulimina affinis,,3,-0.861,0.005,2.705,0.004,Interglacial,Stained,1.78,2.21,77.04,0.32,7.58,46.25,61.75,7.45,46.83,1.35,9.4,1.42,8.62
60,GeoB7123-1,-27.28,-71.05,558,Modern,73,Planktic foraminifera (Mixed with out G. inflata) ,MUC,0-1,212,Epifaunal,Cibicidoides wuellerstorfi,,?,0.799810412,0.04,1.627758331,0.06,Interglacial,Not stained,1.78,2.21,77.04,0.32,7.58,46.25,61.75,7.45,46.83,1.35,9.4,1.42,8.62
61,GeoB7123-1,-27.29,-71.05,557,Modern,73,,MUC,0-1,250,Deep infaunal,Globobulimina auriculata,,2,-0.813687426,0.04,2.432089968,0.06,Interglacial,Not stained,1.78,2.21,77.04,0.32,7.58,46.25,61.75,7.45,46.83,1.35,9.4,1.42,8.62
62,GeoB7123-1,-27.29,-71.05,557,Modern,73,,MUC,0-1,250,Deep infaunal,Globobulimina auriculata,,2,-0.357742966,0.04,2.442620594,0.06,Interglacial,Not stained,1.78,2.21,77.04,0.32,7.58,46.25,61.75,7.45,46.83,1.35,9.4,1.42,8.62
63,GeoB7123-1,-27.29,-71.05,557,Modern,73,,MUC,0-1,250,Deep infaunal,Globobulimina spp. auriculata,788,6,-0.422173345,0.04,2.894819983,0.06,Interglacial,Not Stained,1.78,2.21,77.04,0.32,7.58,46.25,61.75,7.45,46.83,1.35,9.4,1.42,8.62
64,GeoB7127-1,-28.38,-71.47,1462,,,,MUC,0-1,212,Epifaunal,Cibicidoides wuellerstorfi,,2,0.523122888,0.007379889,2.582167444,0.021393076,Interglacial,Not stained,2.54,2.64,102.53,0.21,3.24,42.76,962.73,7.49,58.68,0.66,8.93,1.11,7.45
65,GeoB7129-1,-28.42,-71.33,476,4059,56,Planktic foraminifera (Mixed with out G. inflata) ,MUC,0-1,212,Epifaunal,Cibicidoides wuellerstorfi,,,0.662175777,0.04,2.1982866,0.06,Interglacial,Not stained,1.57,2.14,10.08,0.21,8.39,42.81,1122.53,7.42,43.48,2.09,19.4,0.67,7.36
66,GeoB7129-1,-28.42,-71.33,476,4059,56,,MUC,0-1,212,Epifaunal,Cibicidoides wuellerstorfi,,1,0.763108058,0.04,1.644922803,0.06,Interglacial,Not stained,1.57,2.14,10.08,0.21,8.39,42.81,1122.53,7.42,43.48,2.09,19.4,0.67,7.36
67,GeoB7129-1,-28.42,-71.33,476,4059,56,Planktic foraminifera (Mixed with out G. inflata) ,MUC,0-1,212,Deep infaunal,Globobulimina auriculata,,4,-0.243420731,0.003354061,2.476605854,0.02922604,Interglacial,Stained,1.57,2.14,10.08,0.21,8.39,42.81,1122.53,7.42,43.48,2.09,19.4,0.67,7.36
68,GeoB7131-1,-28.38,-71.5,1650,,,,MUC,0-1,212,Epifaunal,Cibicidoides wuellerstorfi,,2,0.379932593,0.009956064,2.561309872,0.012464283,Interglacial,Stained,2.6,2.69,108.87,0.19,2.85,41.39,962.73,7.51,62.92,0.63,8.73,0.92,7.47
69,GeoB7131-1,-28.38,-71.5,1650,,,,MUC,0-1,212,Epifaunal,Cibicidoides wuellerstorfi,1290,1,0.350840912,0.04,2.750425229,0.06,Interglacial,Not stained,2.6,2.69,108.87,0.19,2.85,41.39,962.73,7.51,62.92,0.63,8.73,0.92,7.47
70,GeoB7132-1,-29.47,-71.89,3253,,,,MUC,0-1,212,Epifaunal,Cibicidoides wuellerstorfi,,?,0.168706956,0.04,2.614384241,0.06,Interglacial,Not stained,2.68,2.78,146.7,0.3,1.79,34.83,798.12,7.58,66.82,1.25,16.3,3.3,6.66
71,GeoB7133-1,-29.38,-71.64,635,756,31,,MUC,0-1,250,Deep infaunal,Globobulimina affinis,870,7,-0.188614154,0.04,3.330743474,0.06,Interglacial,Not Stained,1.89,2.21,92.31,0.51,6.56,47.93,902.5,7.51,51.78,1.33,12.89,1.08,7.65
72,GeoB7133-1,-29.38,-71.64,635,756,31,,MUC,0-1,250,Epifaunal,Cibicidoides wuellerstorfi,,4,0.956678093,0.04,1.762103308,0.06,Interglacial,Not stained,1.89,2.21,92.31,0.51,6.56,47.93,902.5,7.51,51.78,1.33,12.89,1.08,7.65
73,GeoB7133-1,-29.38,-71.64,635,756,31,Planktic foraminifera (Mixed with out G. inflata) ,MUC,0-1,212,Epifaunal,Cibicidoides wuellerstorfi,,2,0.74385788,0.021918109,1.764181867,0.01508609,Interglacial,Stained,1.89,2.21,92.31,0.51,6.56,47.93,902.5,7.51,51.78,1.33,12.89,1.08,7.65
74,GeoB7133-1,-29.38,-71.64,635,756,31,Planktic foraminifera (Mixed with out G. inflata) ,MUC,0-1,212,Epifaunal,Cibicidoides wuellerstorfi,,?,0.800156298,0.04,1.91057188,0.06,Interglacial,Not stained,1.89,2.21,92.31,0.51,6.56,47.93,902.5,7.51,51.78,1.33,12.89,1.08,7.65
75,GeoB7133-1,-29.38,-71.64,635,756,31,,MUC,0-1,250,Epifaunal,Cibicidoides wuellerstorfi,1300,1,0.76108187,0.04,1.849024705,0.06,Interglacial,Not stained,1.89,2.21,92.31,0.51,6.56,47.93,902.5,7.51,51.78,1.33,12.89,1.08,7.65
76,GeoB7135-1,-29.67,-71.68,1432,25,30,,MUC,0-1,212,Epifaunal,Cibicidoides wuellerstorfi,,1,0.595535721,0.04,2.776163159,0.06,Interglacial,Stained,2.49,2.6,104.46,0.21,3.18,42.46,845.94,7.49,56.57,1.57,13.54,2.07,7.44
77,GeoB7135-1,-29.67,-71.68,1432,25,30,,MUC,0-1,212,Epifaunal,Cibicidoides wuellerstorfi,,1,0.688535335,0.04,2.807530626,0.06,Interglacial,Stained,2.49,2.6,104.46,0.21,3.18,42.46,845.94,7.49,56.57,1.57,13.54,2.07,7.44
78,GeoB7135-1,-29.67,-71.68,1432,25,30,,MUC,0-1,212,Epifaunal,Cibicidoides wuellerstorfi,,1,0.563371675,0.04,2.626463652,0.06,Interglacial,Stained,2.49,2.6,104.46,0.21,3.18,42.46,845.94,7.49,56.57,1.57,13.54,2.07,7.44
79,GeoB7135-1,-29.67,-71.68,1432,25,30,Mix surface plaktonic foraminifera,MUC,0-1,212,Epifaunal,Cibicidoides wuellerstorfi,,?,0.375913175,0.04,2.308758564,0.06,Interglacial,Not stained,2.49,2.6,104.46,0.21,3.18,42.46,845.94,7.49,56.57,1.57,13.54,2.07,7.44
80,GeoB7135-1,-29.67,-71.68,1432,25,30,Mix surface plaktonic foraminifera,MUC,0-1,250,Epifaunal,Cibicidoides wuellerstorfi,,6,0.559,0.008,2.413,0.015,Interglacial,Stained,2.49,2.6,104.46,0.21,3.18,42.46,845.94,7.49,56.57,1.57,13.54,2.07,7.44
81,GeoB7135-1,-29.67,-71.68,1432,25,30,,MUC,0-1,212,Epifaunal,Cibicidoides wuellerstorfi,850,1,0.038812259,0.04,1.899555815,0.06,Interglacial,Not stained,2.49,2.6,104.46,0.21,3.18,42.46,845.94,7.49,56.57,1.57,13.54,2.07,7.44
82,GeoB7135-1,-29.67,-71.68,1432,25,30,,MUC,0-1,212,Deep infaunal,Globobulimina spp.,990,5,-0.407863054,0.04,3.890616557,0.06,Glacial,Not Stained,2.49,2.6,104.46,0.21,3.18,42.46,845.94,7.49,56.57,1.57,13.54,2.07,7.44
83,GeoB7136-1,-29.72,-72.17,3189,Modern,,,MUC,0-1,212,Deep infaunal,Globobulimina affinis,,3,-1.79356824,0.007935,3.71980459,0.01988522,Interglacial,Stained,2.67,2.78,146.68,0.3,1.8,35.12,773.6,7.57,67.08,0.66,6.1,2.07,6.51
84,GeoB7136-1,-29.72,-72.17,3189,Modern,,,MUC,0-1,212,Epifaunal,Cibicidoides wuellerstorfi,,1,0.373559396,0.005272762,2.891997156,0.015615302,Interglacial,Not stained,2.67,2.78,146.68,0.3,1.8,35.12,773.6,7.57,67.08,0.66,6.1,2.07,6.51
85,GeoB7136-1,-29.72,-72.17,3189,Modern,,,MUC,0-1,212,Epifaunal,Cibicidoides wuellerstorfi,760,1,0.541799194,0.04,2.616956475,0.06,Interglacial,Not stained,2.67,2.78,146.68,0.3,1.8,35.12,773.6,7.57,67.08,0.66,6.1,2.07,6.51
86,GeoB7136-1,-29.72,-72.17,3189,Modern,,,MUC,0-1,212,Deep infaunal,Globobulimina auriculata,945,4,-1.429097511,0.04,4.453001157,0.06,Glacial,Not Stained,2.67,2.78,146.68,0.3,1.8,35.12,773.6,7.57,67.08,0.66,6.1,2.07,6.51
87,GeoB7137-1,-30.17,-71.73,1205,340,30,,MUC,0-1,212,Deep infaunal,Globobulimina spp. affinis,619,7,-0.299717043,0.04,3.840247488,0.06,Glacial,Not Stained,2.38,2.49,97.68,0.29,3.68,43.59,977.24,7.47,52.51,,,2.02,
88,GeoB7137-2,-30.17,-71.73,1199,340,30,Mix surface plaktonic foraminifera,MUC,0-1,212,Epifaunal,Cibicidoides wuellerstorfi,,?,0.642524841,0.04,2.156134434,0.06,Interglacial,Not stained,2.38,2.49,97.03,0.3,3.68,43.59,977.24,7.47,52.21,,,,
89,GeoB7137-2,-30.17,-71.73,1199,340,30,Mix surface plaktonic foraminifera,MUC,0-1,212,Epifaunal,Cibicidoides wuellerstorfi,,3,0.10779913,0.01102269,2.46127324,0.0125982,Interglacial,Stained,2.38,2.49,97.03,0.3,3.68,43.59,977.24,7.47,52.21,,,,
90,GeoB7137-2,-30.17,-71.73,1199,340,30,Mix surface plaktonic foraminifera,MUC,0-1,212,Deep infaunal,Praeglobobulimina spinescens,,2,0.01600285,0.02337701,3.00096445,0.00853193,Interglacial,Not stained,2.38,2.49,97.03,0.3,3.68,43.59,977.24,7.47,52.21,,,,
91,GeoB7138-1,-30.13,-71.87,2733,,,,MUC,0-1,212,Epifaunal,Cibicidoides wuellerstorfi,,3,0.416403841,0.008077313,2.794236002,0.018266885,Interglacial,Not stained,2.63,2.73,145.84,0.25,1.85,36.12,831.32,7.57,69.24,1.48,,3.98,7.05
92,GeoB7138-1,-30.13,-71.87,2733,,,,MUC,0-1,212,Epifaunal,Cibicidoides wuellerstorfi,910,1,0.006070503,0.04,1.87015898,0.06,Interglacial,Stained,2.63,2.73,145.84,0.25,1.85,36.12,831.32,7.57,69.24,1.48,,3.98,7.05
93,GeoB7139-1,-30.2,-71.98,3267,,,,MUC,0-1,212,Epifaunal,Cibicidoides wuellerstorfi,610,1,0.791100669,0.04,2.642040823,0.06,Interglacial,Not stained,2.66,2.78,147.71,0.3,1.79,35.22,858.13,7.58,66.89,1.41,9.53,4.18,7.14
94,GeoB7142-2,-31.18,-71.75,481,685,31,Planktic foraminifera (Mixed with out G. inflata) ,MUC,0-1,250,Epifaunal,Cibicidoides wuellerstorfi,1510,1,0.819920263,0.04,1.550323967,0.06,Interglacial,Not stained,1.63,2.13,81.06,0.39,7.65,38.67,916.79,7.47,45.98,,,0.8,
95,GeoB7142-2,-31.19,-71.75,480,685,31,Planktic foraminifera (Mixed with out G. inflata) ,MUC,0-1,212,Epifaunal,Cibicidoides wuellerstorfi,,,0.841650071,0.04,1.638932533,0.06,Interglacial,Not stained,1.63,2.13,81.06,0.39,7.65,38.67,916.79,7.47,45.98,,,0.8,
96,GeoB7142-2,-31.19,-71.75,480,685,31,Planktic foraminifera (Mixed with out G. inflata) ,MUC,0-1,212,Epifaunal,Cibicidoides wuellerstorfi,,,0.902582583,0.015698841,1.625780811,0.017314911,Interglacial,Stained,1.63,2.13,81.06,0.39,7.65,38.67,916.79,7.47,45.98,,,0.8,
97,GeoB7143-1,-31.11,-71.88,1371,,,,MUC,0-1,212,Epifaunal,Cibicidoides wuellerstorfi,,?,0.364060532,0.013468885,2.591700134,0.01811718,Interglacial,Stained,2.43,2.54,105.72,0.22,3.22,41.46,955.15,7.49,54.82,,,,
98,GeoB7143-1,-31.11,-71.88,1371,,,,MUC,0-1,212,Epifaunal,Cibicidoides wuellerstorfi,,2,0.585,0.007,2.595,0.014,Interglacial,Stained,2.43,2.54,105.72,0.22,3.22,41.46,955.15,7.49,54.82,,,,
99,GeoB7144-1,-31.16,-71.97,1961,15,30,,MUC,0-1,212,Epifaunal,Cibicidoides wuellerstorfi,,1,0.336038771,0.04,2.837467203,0.06,Interglacial,Not stained,2.57,2.67,127.37,0.15,2.29,38.8,955.15,7.53,62.4,1.25,10.77,2.41,7.74
100,GeoB7144-1,-31.16,-71.97,1961,15,30,Mix surface plaktonic foraminifera,MUC,0-1,212,Epifaunal,Cibicidoides wuellerstorfi,,5,0.248794984,0.009573348,2.834285555,0.011113887,Interglacial,Not stained,2.57,2.67,127.37,0.15,2.29,38.8,955.15,7.53,62.4,1.25,10.77,2.41,7.74
101,GeoB7146-1,-31.98,-71.63,183,1015,36,Benthic foraminifera (V. inflata/gabra),MUC,0-1,212,Deep infaunal,Globobulimina affinis,,3,-0.69415647,0.00397261,1.607356062,0.045336988,Interglacial,Stained,1.21,2.17,19.2,0.03,11.23,24.38,1122.91,7.37,39.92,,,,
102,GeoB7146-1,-31.98,-71.63,183,1015,36,Benthic foraminifera (V. inflata/gabra),MUC,0-1,212,Deep infaunal,Globobulimina affinis,,5,-1.018,0.012,2.058,0.015,Interglacial,Not stained,1.21,2.17,19.2,0.03,11.23,24.38,1122.91,7.37,39.92,,,,
103,GeoB7146-1,-31.97,-71.63,183,1015,36,,MUC,0-1,250,Deep infaunal,Globobulimina turgida,679,8,-0.650108367,0.04,1.570138972,0.06,Interglacial,Stained,1.21,2.17,19.2,0.03,11.23,24.38,1122.91,7.37,39.92,,,,
104,GeoB7147-1,-31.98,-71.67,398,314,37,,MUC,0-1,250,Deep infaunal,Globobulimina spp.,1054,5,0.403152351,0.04,3.000506321,0.06,Interglacial,Not Stained,1.54,2.12,38.12,0.27,8.54,35.11,996.63,7.41,41.06,0.93,7.73,0.53,8.05
105,GeoB7150-1,-32.28,-71.95,1591,,,,MUC,0-1,212,Epifaunal,Cibicidoides wuellerstorfi,470,1,0.356027226,0.04,2.731949547,0.06,Interglacial,Not stained,2.48,2.59,116.66,0.16,2.79,38.71,889.66,7.52,57.48,0.63,8.67,0.98,7.18
106,GeoB7150-1,-32.28,-71.95,1591,,,,MUC,0-1,212,Epifaunal,Cibicidoides wuellerstorfi,750,1,0.542321266,0.04,3.140054232,0.06,Glacial,Not stained,2.48,2.59,116.66,0.16,2.79,38.71,889.66,7.52,57.48,0.63,8.67,0.98,7.18
107,GeoB7150-1,-32.28,-71.95,1591,,,,MUC,0-1,212,Epifaunal,Cibicidoides wuellerstorfi,,4,0.533718626,0.00817711,2.39308816,0.010185633,Interglacial,Stained,2.48,2.59,116.66,0.16,2.79,38.71,889.66,7.52,57.48,0.63,8.67,0.98,7.18
108,GeoB7150-1,-32.28,-71.95,1591,,,,MUC,0-1,212,Epifaunal,Cibicidoides wuellerstorfi,1090,1,0.345733418,0.04,2.433077349,0.06,Interglacial,Stained,2.48,2.59,116.66,0.16,2.79,38.71,889.66,7.52,57.48,0.63,8.67,0.98,7.18
109,GeoB7150-1,-32.28,-71.95,1591,,,,MUC,0-1,212,Epifaunal,Cibicidoides wuellerstorfi,1020,1,0.633133645,0.04,2.502984995,0.06,Interglacial,Stained,2.48,2.59,116.66,0.16,2.79,38.71,889.66,7.52,57.48,0.63,8.67,0.98,7.18
110,GeoB7150-1,-32.28,-71.95,1591,,,,MUC,0-1,212,Epifaunal,Cibicidoides wuellerstorfi,1020,1,0.465963495,0.04,3.188622858,0.06,Glacial,Stained,2.48,2.59,116.66,0.16,2.79,38.71,889.66,7.52,57.48,0.63,8.67,0.98,7.18
111,GeoB7152-1,-33.8,-72.11,420,,,,MUC,0-1,212,Deep infaunal,Globobulimina auriculata,754,7,-0.512247728,0.04,2.120429334,0.06,Interglacial,Not Stained,1.65,2.13,51.72,0.35,8.19,34.18,1158.27,7.48,45.98,1.13,2.66,2.38,7.65
112,GeoB7152-1,-33.8,-72.11,420,,,,MUC,0-1,250,Deep infaunal,Globobulimina auriculata,912,5,-0.173116245,0.04,2.492978548,0.06,Interglacial,Stained,1.65,2.13,51.72,0.35,8.19,34.18,1158.27,7.48,45.98,1.13,2.66,2.38,7.65
113,GeoB7152-1,-33.8,-72.11,420,,,,MUC,0-1,500,Deep infaunal,Globobulimina pacifica,,1,-0.232028631,0.04,2.329828254,0.06,Interglacial,Stained,1.65,2.13,51.72,0.35,8.19,34.18,1158.27,7.48,45.98,1.13,2.66,2.38,7.65
114,GeoB7152-1,-33.8,-72.11,420,,,,MUC,0-1,500,Deep infaunal,Globobulimina pacifica,,1,0.134002116,0.04,2.334158033,0.06,Interglacial,Stained,1.65,2.13,51.72,0.35,8.19,34.18,1158.27,7.48,45.98,1.13,2.66,2.38,7.65
115,GeoB7153-1,-33.8,-72.16,863,,,,MUC,0-1,212,Deep infaunal,Globobulimina auriculata,,4,-0.63446421,0.02543497,2.88042574,0.01884629,Interglacial,Stained,2.09,2.27,138.64,0.63,4.65,33.66,1158.27,7.56,60.51,1.6,4.58,2.65,7.3
116,GeoB7153-1,-33.8,-72.16,863,,,,MUC,0-1,212,Epifaunal,Cibicidoides wuellerstorfi,,,0.547990482,0.012495812,2.232614098,0.018572997,Interglacial,Not stained,2.09,2.27,138.64,0.63,4.65,33.66,1158.27,7.56,60.51,1.6,4.58,2.65,7.3
117,GeoB7154-1,-33.8,-72.27,1385,,,,MUC,0-1,212,Epifaunal,Cibicidoides wuellerstorfi,790,1,0.335434289,0.04,2.482870894,0.06,Interglacial,Not stained,2.38,2.5,115.31,0.25,3.17,36.62,966.13,7.53,56.92,,,,
118,GeoB7154-1,-33.8,-72.27,1385,,,,MUC,0-1,212,Epifaunal,Cibicidoides wuellerstorfi,,?,0.25,0.04,2.23,0.06,Interglacial,Not stained,2.38,2.5,115.31,0.25,3.17,36.62,966.13,7.53,56.92,,,,
119,GeoB7156-1,-34.58,-72.51,1247,,,,MUC,0-1,212,Epifaunal,Cibicidoides wuellerstorfi,980,1,0.371943518,0.04,2.518283865,0.06,Interglacial,Stained,2.31,2.43,116.17,0.35,3.52,34.61,965.17,7.54,58.25,2.04,2.71,3.97,7.95
120,GeoB7156-1,-34.58,-72.51,1247,,,,MUC,0-1,212,Epifaunal,Cibicidoides wuellerstorfi,,?,0.487189713,0.04,2.316257305,0.06,Interglacial,Not stained,2.31,2.43,116.17,0.35,3.52,34.61,965.17,7.54,58.25,2.04,2.71,3.97,7.95
121,GeoB7156-1,-34.58,-72.51,1247,,,,MUC,0-1,212,Epifaunal,Cibicidoides wuellerstorfi,,1,0.573122124,0.04,2.392006671,0.06,Interglacial,Not stained,2.31,2.43,116.17,0.35,3.52,34.61,965.17,7.54,58.25,2.04,2.71,3.97,7.95
122,GeoB7157-1,-35.78,-73.59,2107,,,,MUC,0-1,212,Epifaunal,Cibicidoides wuellerstorfi,,4,0.143132906,0.008519333,2.869936523,0.003213943,Interglacial,Not stained,2.53,2.66,140.21,0.23,2.2,31.13,910.66,7.57,61.47,2.76,1.09,5.81,8
123,GeoB7158-1,-35.78,-73.48,1563,,,,MUC,0-1,212,Epifaunal,Cibicidoides wuellerstorfi,,4,0.44709463,0.00851041,2.87033398,0.01797264,Glacial,Stained,2.42,2.54,124.07,0.32,2.93,32.84,939.24,7.56,60.05,2.76,1.42,5.94,8.02
124,GeoB7158-1,-35.78,-73.48,1563,,,,MUC,0-1,212,Epifaunal,Cibicidoides wuellerstorfi,830,1,0.673435585,0.04,2.662370851,0.06,Interglacial,Stained,2.42,2.54,124.07,0.32,2.93,32.84,939.24,7.56,60.05,2.76,1.42,5.94,8.02
125,GeoB7158-1,-35.78,-73.48,1563,,,,MUC,0-1,212,Epifaunal,Cibicidoides wuellerstorfi,,?,0.471209171,0.04,2.52570612,0.06,Interglacial,Not stained,2.42,2.54,124.07,0.32,2.93,32.84,939.24,7.56,60.05,2.76,1.42,5.94,8.02
126,GeoB7158-1,-35.78,-73.48,1563,,,,MUC,0-1,212,Epifaunal,Cibicidoides wuellerstorfi,,1,0.452756288,0.04,2.594048054,0.06,Interglacial,Stained,2.42,2.54,124.07,0.32,2.93,32.84,939.24,7.56,60.05,2.76,1.42,5.94,8.02
127,GeoB7158-1,-35.78,-73.48,1563,,,,MUC,0-1,212,Epifaunal,Cibicidoides wuellerstorfi,,1,0.340998586,0.04,2.785485389,0.06,Interglacial,Stained,2.42,2.54,124.07,0.32,2.93,32.84,939.24,7.56,60.05,2.76,1.42,5.94,8.02
128,GeoB7160-1,-36.04,-73.07,364,,,,MUC,0-1,250,Deep infaunal,Globobulimina turgida,,2,-1.149349576,0.04,1.970501799,0.06,Interglacial,Not stained,1.67,2.15,53.03,-0.01,8.9,36.12,846.55,7.55,53.09,,,,
129,GeoB7166-3,-36.47,-73.77,1294,,,,MUC,0-1,212,Epifaunal,Cibicidoides wuellerstorfi,,?,0.435048314,0.04,2.400541849,0.06,Interglacial,Not stained,2.31,2.43,123.9,0.46,3.51,31.05,920.17,7.59,63.04,,,,
130,GeoB7171-2,-37.4,-73.95,1386,,,,MUC,0-1,212,Epifaunal,Cibicidoides wuellerstorfi,,?,0.252492021,0.009467402,2.638570604,0.017860215,Interglacial,Not stained,2.35,2.47,127.01,0.48,3.36,30.02,870.73,7.6,64.7,2.9,1.52,6.68,7.95
131,GeoB7181-1,-43.37,-75.28,1212,25,30,Mix surface plaktonic foraminifera,MUC,0-1,250,Epifaunal,Cibicidoides wuellerstorfi,780,1,-0.009558236,0.04,1.783651784,0.06,Interglacial,Not stained,2.42,2.55,146.96,0.7,4.1,25.08,537.95,7.77,86.43,1.52,5.45,3.03,8.24
132,GeoB7181-1,-43.37,-75.28,1212,25,30,Mix surface plaktonic foraminifera,MUC,0-1,212,Epifaunal,Cibicidoides wuellerstorfi,,3,0.645696383,0.00575238,2.552523193,0.023476347,Interglacial,Not stained,2.42,2.55,146.96,0.7,4.1,25.08,537.95,7.77,86.43,1.52,5.45,3.03,8.24
133,GeoB7181-1,-43.37,-75.28,1212,25,30,Mix surface plaktonic foraminifera,MUC,0-1,212,Epifaunal,Cibicidoides wuellerstorfi,,?,0.686254811,0.04,2.460525599,0.06,Interglacial,Stained,2.42,2.55,146.96,0.7,4.1,25.08,537.95,7.77,86.43,1.52,5.45,3.03,8.24
134,GeoB7183-2,-44.06,-75.13,444,,,,MUC,0-1,212,Epifaunal,Cibicidoides wuellerstorfi,930,1,0.097345359,0.04,4.54455036,0.06,Glacial,Not stained,1.79,2.13,162.97,0.85,6.47,17.48,462.86,7.87,99.89,0.54,2.2,1.22,7.75
135,GeoB7183-2,-44.06,-75.14,444,,,,MUC,0-1,212,Epifaunal,Cibicidoides wuellerstorfi,,?,1.153597178,0.04,2.801656313,0.06,Interglacial,Not stained,1.79,2.13,162.97,0.85,6.47,17.48,462.86,7.87,99.89,0.54,2.2,1.22,7.75
136,GeoB7183-2,-44.06,-75.13,444,,,,MUC,0-1,212,Epifaunal,Cibicidoides wuellerstorfi,650,1,0.526343381,0.04,2.911827293,0.06,Glacial,Not stained,1.79,2.13,162.97,0.85,6.47,17.48,462.86,7.87,99.89,0.54,2.2,1.22,7.75
137,GeoB7193-1,-42.18,-74.72,209,4438,45,Planktic foraminifera (Mixed with out G. inflata) ,MUC,0-1,212,Deep infaunal,Globobulimina affinis,,9,-1.232124906,0.015017749,1.974254971,0.01151851,Interglacial,Stained,1.23,1.89,85.25,0.31,9.86,18.87,596.28,7.78,80.03,,,,
138,GeoB7193-1,-42.18,-74.72,209,4438,45,Planktic foraminifera (Mixed with out G. inflata) ,MUC,0-1,212,Deep infaunal,Globobulimina pacifica,,1,-0.922832291,0.004621521,1.987985735,0.022823064,Interglacial,Stained,1.23,1.89,85.25,0.31,9.86,18.87,596.28,7.78,80.03,,,,
139,GeoB7193-1,-42.18,-74.72,209,4438,45,Planktic foraminifera (Mixed with out G. inflata) ,MUC,0-1,212,Deep infaunal,Globobulimina pacifica,,1,0.037885534,0.007577473,1.984482965,0.029271495,Interglacial,Not stained,1.23,1.89,85.25,0.31,9.86,18.87,596.28,7.78,80.03,,,,
140,GeoB7194-1,-41.42,-74.43,308,Modern,40,Planktic foraminifera (Mixed with out G. inflata) ,MUC ,0-1,250,Epifaunal,Cibicidoides wuellerstorfi,,1,0.746443648,0.017072352,1.369711056,0.018687513,Interglacial,Not stained,1.49,2.01,83.98,0.31,8.44,18.47,611.73,7.77,81.37,1.79,7.01,1.89,8.25
141,GeoB7194-1,-41.42,-74.43,308,Modern,40,Planktic foraminifera (Mixed with out G. inflata) ,MUC ,0-1,250,Deep infaunal,Globobulimina pacifica,,2,-0.609033387,0.006508713,2.228267088,0.008995574,Interglacial,Stained,1.49,2.01,83.98,0.31,8.44,18.47,611.73,7.77,81.37,1.79,7.01,1.89,8.25
142,GeoB7195-1,-41.21,-74.42,521,Modern,69,Planktic foraminifera (Mixed with out G. inflata) ,MUC,0-1,250,Deep infaunal,Globobulimina auriculata,,2,-0.081,0.005,2.92,0.008,Interglacial,Stained,1.76,2.06,174.77,0.75,6.51,18.62,620.6,7.86,98.18,1.55,4.35,2.51,7.98
143,GeoB7195-1,-41.21,-74.42,521,Modern,69,Planktic foraminifera (Mixed with out G. inflata) ,MUC,0-1,212,Epifaunal,Cibicidoides wuellerstorfi,,4,1.089338164,0.016063605,2.002105293,0.012297377,Interglacial,Not stained,1.76,2.06,174.77,0.75,6.51,18.62,620.6,7.86,98.18,1.55,4.35,2.51,7.98
144,GeoB7195-1,-41.21,-74.42,521,Modern,69,Planktic foraminifera (Mixed with out G. inflata) ,MUC,0-1,212,Epifaunal,Cibicidoides wuellerstorfi,,1,1.481,0.01,2.157,0.022,Interglacial,Stained,1.76,2.06,174.77,0.75,6.51,18.62,620.6,7.86,98.18,1.55,4.35,2.51,7.98
145,GeoB7201-1,-38.09,-74.06,700,,,,MUC,0-1,250,Epifaunal,Cibicidoides wuellerstorfi,,1,1.177091498,0.017553164,2.085793629,0.033901382,Interglacial,Stained,1.91,2.13,177.31,0.67,5.97,25.81,890.18,7.76,83.84,,,,
146,GeoB7201-1,-38.09,-74.06,700,,,,MUC,0-1,212,Epifaunal,Cibicidoides wuellerstorfi,,?,0.976235571,0.04,2.033104486,0.06,Interglacial,Not stained,1.91,2.13,177.31,0.67,5.97,25.81,890.18,7.76,83.84,,,,
147,GeoB7204-1,-38,-73.75,125,,,,MUC,0-1,212,Deep infaunal,Globobulimina auriculata,817,7,-0.760331128,0.04,1.85262019,0.06,Interglacial,Stained,0.66,2.12,257.98,0.75,12.63,0.37,932.29,,140.36,,,,
148,GeoB7205-1,-38.01,-73.74,124,,,,MUC ,0-1,212,Deep infaunal,Globobulimina affinis,,5,-0.613,0.004,2.257,0.018,Interglacial,Stained,1.28,2.18,101.42,-0.18,11.69,23.46,932.29,7.73,81.35,,,,
149,GeoB7205-1,-38,-73.73,124,,,,MUC,0-1,250,Deep infaunal,Globobulimina auriculata,779,6,-0.563926759,0.04,2.023217439,0.06,Interglacial,Stained,1.28,2.18,101.42,-0.18,11.69,23.46,932.29,7.73,81.35,,,,
150,GeoB7208-1,-39.01,-74.21,1794,,,,MUC,0-1,212,Epifaunal,Cibicidoides wuellerstorfi,,?,0.41830525,0.04,2.475534744,0.06,Interglacial,Not stained,2.48,2.62,134.71,0.39,2.6,29.18,709.18,7.61,64.67,,,4.7,
151,GeoB7209-2,-38.99,-74.16,1525,2455,30,Mix surface plaktonic foraminifera,MUC,0-1,212,Epifaunal,Cibicidoides wuellerstorfi,,6,0.304102342,0.010867604,2.676660118,0.017813101,Interglacial,Not stained,2.41,2.54,130.5,0.49,3.19,28.8,755.11,7.63,67.02,,,,
152,GeoB7211-1,-39.93,-74.27,890,Modern,33,,MUC,0-1,212,Epifaunal,Cibicidoides wuellerstorfi,770,1,1.432931202,0.04,2.225428802,0.06,Interglacial,Not stained,2.05,2.21,138.74,0.81,4.64,22.31,744.98,7.79,89.34,1.28,3.72,2.56,8.19
153,GeoB7211-1,-39.93,-74.27,890,Modern,33,Planktic foraminifera (Mixed with out G. inflata) ,MUC,0-1,212,Epifaunal,Cibicidoides wuellerstorfi,,3,0.958621364,0.007310516,2.216411171,0.011779208,Interglacial,Not stained,2.05,2.21,138.74,0.81,4.64,22.31,744.98,7.79,89.34,1.28,3.72,2.56,8.19
154,GeoB7211-1,-39.93,-74.27,890,Modern,33,,MUC,0-1,212,Epifaunal,Cibicidoides wuellerstorfi,910,1,0.860214116,0.04,2.401102519,0.06,Interglacial,Not stained,2.05,2.21,138.74,0.81,4.64,22.31,744.98,7.79,89.34,1.28,3.72,2.56,8.19
155,GeoB7213-1,-39.73,-74.29,1190,Modern,,N. dutertrei,MUC,0-1,212,Epifaunal,Cibicidoides wuellerstorfi,,?,0.680073421,0.012399081,2.680520115,0.012666536,Interglacial,Not stained,2.26,2.38,138.26,0.67,4.07,25.53,772.52,7.7,76.68,,,3.14,
156,GeoB7213-1,-39.73,-74.29,1190,Modern,,N. dutertrei,MUC,0-1,212,Deep infaunal,Praeglobobulimina spinescens,,10,-0.25542923,0.00915715,3.23371248,0.01823764,Interglacial,Stained,2.26,2.38,138.26,0.67,4.07,25.53,772.52,7.7,76.68,,,3.14,
157,GeoB7214-1,-39.88,-74.17,772,Modern,30,Planktic foraminifera (Mixed with out G. inflata) ,MUC,0-1,250,Epifaunal,Cibicidoides wuellerstorfi,,3,0.984480839,0.006794157,2.143673716,0.022393662,Interglacial,Not stained,1.98,2.16,161.39,0.8,5.27,22.12,744.98,7.82,92.79,,,,
158,GeoB7216-1,-40.04,-73.94,165,,,,MUC,0-1,212,Deep infaunal,Globobulimina auriculata,920,6,-0.649825348,0.04,2.123663034,0.06,Interglacial,Stained,1.2,1.98,79.01,0.14,11,23.91,816.7,7.75,79.89,0.73,0.49,1.88,8.69
159,GeoB7216-1,-40.04,-73.94,165,,,,MUC,0-1,212,Deep infaunal,Globobulimina auriculata,828,6,-0.650751085,0.04,2.018628516,0.06,Interglacial,Not Stained,1.2,1.98,79.01,0.14,11,23.91,816.7,7.75,79.89,0.73,0.49,1.88,8.69
160,GeoB7217-1,-39.99,-73.93,174,,,,MUC,0-1,212,Deep infaunal,Globobulimina affinis,,6,-0.952280941,0.005485688,2.15163516,0.017475851,Interglacial,Stained,1.27,2,66.61,0.09,10.92,24.9,846.59,7.74,77.43,0.59,0.1,1.49,9.18
161,GeoB7217-1,-39.99,-73.93,174,,,,MUC,0-1,212,Deep infaunal,Globobulimina affinis,,5,-0.429829272,0.015500397,2.047936907,0.012141334,Interglacial,Not stained,1.27,2,66.61,0.09,10.92,24.9,846.59,7.74,77.43,0.59,0.1,1.49,9.18
162,GeoB7217-1,-39.99,-73.93,174,,,,MUC,0-1,250-500,Deep infaunal,Globobulimina affinis,,2,-1.27456143,0.04,1.843978555,0.06,Interglacial,Stained,1.27,2,66.61,0.09,10.92,24.9,846.59,7.74,77.43,0.59,0.1,1.49,9.18
163,GeoB7217-1,-39.99,-73.93,174,,,,MUC,0-1,212,Deep infaunal,Globobulimina auriculata,727,7,-0.958519154,0.04,1.990076958,0.06,Interglacial,Not Stained,1.27,2,66.61,0.09,10.92,24.9,846.59,7.74,77.43,0.59,0.1,1.49,9.18
164,GeoB7217-1,-39.99,-73.93,174,,,,MUC,0-1,212,Deep infaunal,Globobulimina pacifica,,2,-0.97732121,0.018411253,2.057348242,0.022422347,Interglacial,Stained,1.27,2,66.61,0.09,10.92,24.9,846.59,7.74,77.43,0.59,0.1,1.49,9.18
165,GeoB7217-1,-39.99,-73.93,174,,,,MUC,0-1,212,Deep infaunal,Globobulimina pacifica,,4,-0.485534551,0.016423609,2.198280325,0.035135247,Interglacial,Not stained,1.27,2,66.61,0.09,10.92,24.9,846.59,7.74,77.43,0.59,0.1,1.49,9.18
166,GeoB7217-1,-39.99,-73.93,174,,,,MUC,0-1,212,Deep infaunal,Globobulimina spp. auriculata,871,7,-0.513017946,0.04,2.086033224,0.06,Interglacial,Not Stained,1.27,2,66.61,0.09,10.92,24.9,846.59,7.74,77.43,0.59,0.1,1.49,9.18
167,GeoB7217-1,-39.99,-73.93,174,,,,MUC,0-1,212,Deep infaunal,Globobulimina spp. pacifica,1060,7,-0.505019008,0.04,2.028395257,0.06,Interglacial,Stained,1.27,2,66.61,0.09,10.92,24.9,846.59,7.74,77.43,0.59,0.1,1.49,9.18
168,M92-101MUC22,-12.63,-77.67,772,,,,MUC,0-1,>500,Deep infaunal,Globobulimina auriculata,,2,0.32413564,0.01086626,3.02956826,0.03512374,Interglacial,Not stained,2.06,2.32,20,-0.17,6.45,42.24,1335.39,7.62,75.63,,,,
169,M92-101MUC22,-12.63,-77.67,772,,,,MUC,0-1,>500,Deep infaunal,Globobulimina pacifica,,1,0.01,0.01,3.28,0.01,Interglacial,Not stained,2.06,2.32,20,-0.17,6.45,42.24,1335.39,7.62,75.63,,,,
170,M92-101MUC22,-12.63,-77.67,772,,,,MUC,0-1,>500,Deep infaunal,Globobulimina spp.,,3,-0.20313816,0.01521817,3.01587183,0.02822924,Interglacial,Stained,2.06,2.32,20,-0.17,6.45,42.24,1335.39,7.62,75.63,,,,
171,M92-101MUC22,-12.63,-77.67,772,,,,MUC,0-1,500,Deep infaunal,Globobulimina spp. affinis,1352,4,0.044976642,0.04,2.737685142,0.06,Interglacial,Stained,2.06,2.32,20,-0.17,6.45,42.24,1335.39,7.62,75.63,,,,
172,M92-163MUC30,-12.7,-77.69,1025,,,,MUC,0-1,>500,Epifaunal,Cibicidoides wuellerstorfi,,2,0.60264789,0.00983097,2.17422079,0.03820146,Interglacial,Stained,2.27,2.44,49.6,-0.03,5,43.47,1231.55,7.66,81.43,,,,
173,M92-163MUC30,-12.7,-77.69,1025,,,,MUC,0-1,500,Epifaunal,Cibicidoides wuellerstorfi,1400,1,0.342720759,0.04,2.269592161,0.06,Interglacial,Stained,2.27,2.44,49.6,-0.03,5,43.47,1231.55,7.66,81.43,,,,
174,M92-236MUC42,-12.71,-77.62,646.8,,,,MUC,0-1,500,Deep infaunal,Globobulimina affinis,788,5,0.274657919,0.04,2.730144285,0.06,Interglacial,Stained,1.85,2.23,11.61,-0.11,7.69,42.43,1355.87,7.6,73.41,,,,
175,M92-236MUC42,-12.71,-77.67,646.8,,,,MUC,0-1,150-500,Deep infaunal,Globobulimina auriculata,,3,0.17622578,0.01270595,2.57009577,0.02503726,Interglacial,Stained,1.85,2.23,11.61,-0.11,7.69,42.43,1355.87,7.6,73.41,,,,
176,PG-4-18,-39.35,-73.87,142,1476,38,"Mixed benthic foraminifera (Uvigerina, Angulogerina, Bolivina, Dentalina, Epistominela)",MUC ,0-1,212,Deep infaunal,Globobulimina affinis,,,-0.471,0.005,1.934,0.013,Interglacial,Stained,1.23,2.05,91.89,0.06,11.39,23.62,851.7,7.76,82.49,,,,
177,PG-4-5,-32.97,-71.68,200,1185,37,"Mixed benthic foraminifera (Angulogerina, Bolivina) ",MUC,0-1,212,Deep infaunal,Globobulimina affinis,,5,-1.658858995,0.024037467,3.539322815,0.031065458,Glacial,Not stained,1.32,2.19,12.25,0.01,10.97,29.53,1023.98,7.39,40.6,,,,
178,RC10-65,0.68,-108.62,3588,,,Recent ,,2-3,212,Epifaunal,Cibicidoides wuellerstorfi,,,0.24,0.04,2.37,0.06,Interglacial,Not stained,2.87,2.98,87.18,-0.03,1.56,16.04,829.24,7.72,84.61,,,,
179,RC13-113,-1.65,-103.63,3195,,,Recent,,0-1,212,Epifaunal,Cibicidoides wuellerstorfi,,,0.08,0.04,2.57,0.06,Interglacial,Not stained,2.89,2.99,84.08,-0.01,1.56,17.87,780.68,7.71,92.87,,,,
180,RC13-113,-1.65,-103.63,3195,,,Recent,,0-1,212,Epifaunal,Cibicidoides wuellerstorfi,,,0.23,0.04,2.31,0.06,Interglacial,Not stained,2.89,2.99,84.08,-0.01,1.56,17.87,780.68,7.71,92.87,,,,
181,GeoB15004-4,-27.44,-71.15,1200,1305,30,,MUC,0-1,250,Deep infaunal,Globobulimina auriculata,990,3,-0.79,0.04,3.34,0.06,Glacial,Not stained,2.41,2.52,91.96,0.23,3.9,44.95,120.64,7.47,54.11,,,,
182,GeoB3316-1,-41.94,-75.21,2574,870,30,Mix surface plaktonic foraminifera,MUC,0-1,250,Deep infaunal,Globobulimina spp. pacifica,650,3,-1.64,0.04,2.55,0.06,Interglacial,Not stained,2.56,2.79,145.72,0.23,1.98,28.88,544.03,7.64,70.02,1.86,11.59,3.8,7.56
183,GeoB7133-1,-29.38,-71.64,635,756,31,,MUC,0-1,250,Deep infaunal,Globobulimina spp.,927,4,-0.37,0.04,2.77,0.06,Interglacial,Not stained,1.89,2.21,92.31,0.51,6.56,47.93,902.5,7.51,51.78,1.33,12.89,1.08,7.65
184,GeoB7137-1,-30.17,-71.73,1205,340,30,,MUC,0-1,250,Deep infaunal,Globobulimina spp. affinis,1130,3,-0.63,0.04,3.42,0.06,Interglacial,Not stained,2.38,2.49,97.68,0.29,3.68,43.59,977.24,7.47,52.51,,,2.02,
185,GeoB7143-1,-31.11,-71.88,1371,,,,MUC,0-1,250,Deep infaunal,Globobulimina spp. affinis,922.5,4,-0.42,0.04,3.55,0.06,Glacial,Not stained,2.43,2.54,105.72,0.22,3.22,41.46,955.15,7.49,54.82,,,,
186,GeoB7149-1,-31.49,-72,3086,,,,MUC,0-1,250,Deep infaunal,Globobulimina spp. auriculata,820,3,-1.53,0.04,3.85,0.06,Glacial,Not stained,2.63,2.76,148.65,0.26,1.81,35.74,920.09,7.58,67.61,1.06,10.62,3.13,6.83
187,GeoB7152-1,-33.8,-72.11,420,,,,MUC,0-1,250,Deep infaunal,Globobulimina pacifica,634,5,-1.08,0.04,1.54,0.06,Interglacial,Not stained,1.65,2.13,51.72,0.35,8.19,34.18,1158.27,7.48,45.98,1.13,2.66,2.38,7.65
188,GeoB7153-1,-33.8,-72.16,863,,,,MUC,0-1,250,Deep infaunal,Globobulimina auriculata,578,6,-1.04,0.04,2.06,0.06,Interglacial,Stained,2.09,2.27,138.64,0.63,4.65,33.66,1158.27,7.56,60.51,1.6,4.58,2.65,7.3
190,GeoB7157-1,-35.78,-73.59,2107,,,,MUC,0-1,250,Deep infaunal,Globobulimina auriculata,915,4,-0.62,0.04,3.49,0.06,Interglacial,Not stained,2.53,2.66,140.21,0.23,2.2,31.13,910.66,7.57,61.47,2.76,1.09,5.81,8
191,GeoB7160-4,-36.04,-73.07,364,,,,MUC,0-1,250,Deep infaunal,Globobulimina auriculata,700,4,-0.95,0.04,1.79,0.06,Glacial,Stained,1.67,2.15,53.03,-0.01,8.77,36.12,846.55,7.55,53.9,2.97,0.95,5.01,7.89
192,GeoB7160-4,-36.04,-73.07,364,,,,MUC,0-1,250,Deep infaunal,Globobulimina auriculata,624,5,-0.86,0.04,1.44,0.06,Interglacial,Not stained,1.67,2.15,53.03,-0.01,8.77,36.12,846.55,7.55,53.9,2.97,0.95,5.01,7.89
193,GeoB7163-5,-36.43,-73.6,539,,,,MUC,0-1,250,Deep infaunal,Globobulimina auriculata,773,3,-1.23,0.04,2.29,0.06,Interglacial,Stained,1.8,2.12,175.76,0.45,6.73,31.41,929.79,7.67,68.55,2.06,1.65,3.73,7.86
194,GeoB7163-5,-36.43,-73.6,539,,,,MUC,0-1,250,Deep infaunal,Globobulimina auriculata,873,3,-0.37,0.04,1.89,0.06,Interglacial,Not stained,1.8,2.12,175.76,0.45,6.73,31.41,929.79,7.67,68.55,2.06,1.65,3.73,7.86
195,GeoB7173-5,-42.09,-74.56,160,636,36,,MUC,0-1,250,Deep infaunal,Globobulimina auriculata,726,6,-0.63,0.04,1.88,0.06,Interglacial,Stained,1.08,1.83,118.72,0.4,10.45,17,668.05,7.81,85.73,1.34,3.54,1.68,8.31
196,GeoB7193-1,-42.18,-74.72,209,4438,45,Planktic foraminifera (Mixed with out G. inflata) ,MUC,0-1,250,Deep infaunal,Globobulimina auriculata,790,5,-0.84,0.04,2.13,0.06,Interglacial,Not stained,1.23,1.89,85.25,0.31,9.86,18.87,596.28,7.78,80.03,,,,
198,GeoB7204-1,-38,-73.75,125,,,,MUC,0-1,250,Deep infaunal,Globobulimina auriculata,778,6,-1.12,0.04,0.76,0.06,Interglacial,Stained,0.66,2.12,257.98,0.75,12.63,0.37,932.29,,140.36,,,,
